Timestamp,Name,Value
2.308218,"test",<invalid>
2.774748,"test",<invalid>
2.780922,"test",<invalid>
2.783537,"test",<invalid>
2.785113,"test",<invalid>
2.786689,"test",<invalid>
2.788208,"test",<invalid>
2.789707,"test",<invalid>
2.79111,"test",<invalid>
2.792634,"test",<invalid>
2.794544,"test",<invalid>
2.796138,"test",<invalid>
2.799428,"test",<invalid>
2.801739,"test",<invalid>
2.803404,"test",<invalid>
2.804856,"test",<invalid>
2.806878,"test",<invalid>
2.808529,"test",<invalid>
2.810061,"test",<invalid>
2.811806,"test",<invalid>
2.813569,"test",<invalid>
2.815203,"test",<invalid>
2.816978,"test",<invalid>
2.819789,"test",<invalid>
2.823073,"test",<invalid>
2.825055,"test",<invalid>
2.826635,"test",<invalid>
2.82825,"test",<invalid>
2.829967,"test",<invalid>
2.831798,"test",<invalid>
2.833513,"test",<invalid>
2.835342,"test",<invalid>
2.837036,"test",<invalid>
2.839494,"test",<invalid>
2.842019,"test",<invalid>
2.844482,"test",<invalid>
2.846351,"test",<invalid>
2.84799,"test",<invalid>
2.849489,"test",<invalid>
2.851432,"test",<invalid>
2.853081,"test",<invalid>
2.854915,"test",<invalid>
2.857843,"test",<invalid>
2.861749,"test",<invalid>
2.86352,"test",<invalid>
2.865387,"test",<invalid>
2.867252,"test",<invalid>
2.86884,"test",<invalid>
2.870494,"test",<invalid>
2.872341,"test",<invalid>
2.874058,"test",<invalid>
2.875888,"test",<invalid>
2.879225,"test",<invalid>
2.880856,"test",<invalid>
2.882517,"test",<invalid>
2.88432,"test",<invalid>
2.886168,"test",<invalid>
2.8879,"test",<invalid>
2.889517,"test",<invalid>
2.891146,"test",<invalid>
2.892641,"test",<invalid>
2.894422,"test",<invalid>
2.89607,"test",<invalid>
2.899262,"test",<invalid>
2.900973,"test",<invalid>
2.902448,"test",<invalid>
2.906946,"test",<invalid>
2.911085,"test",<invalid>
2.913019,"test",<invalid>
2.914472,"test",<invalid>
2.916159,"test",<invalid>
2.919078,"test",<invalid>
2.921075,"test",<invalid>
2.92383,"test",<invalid>
2.925438,"test",<invalid>
2.927522,"test",<invalid>
2.928976,"test",<invalid>
2.930433,"test",<invalid>
2.932069,"test",<invalid>
2.933684,"test",<invalid>
2.935216,"test",<invalid>
2.937397,"test",<invalid>
2.93973,"test",<invalid>
2.941548,"test",<invalid>
2.943386,"test",<invalid>
2.944985,"test",<invalid>
2.946601,"test",<invalid>
2.948621,"test",<invalid>
2.950114,"test",<invalid>
2.951987,"test",<invalid>
2.95361,"test",<invalid>
2.95525,"test",<invalid>
2.957355,"test",<invalid>
2.959861,"test",<invalid>
2.961773,"test",<invalid>
2.963363,"test",<invalid>
2.964897,"test",<invalid>
2.966409,"test",<invalid>
2.967924,"test",<invalid>
2.97006,"test",<invalid>
2.97184,"test",<invalid>
2.973488,"test",<invalid>
2.975043,"test",<invalid>
2.978737,"test",<invalid>
2.999363,"test",<invalid>
3.018963,"test",<invalid>
3.03916,"test",<invalid>
3.058966,"test",<invalid>
3.079045,"test",<invalid>
3.099013,"test",<invalid>
3.11987,"test",<invalid>
3.138825,"test",<invalid>
3.159127,"test",<invalid>
3.178884,"test",<invalid>
3.199396,"test",<invalid>
3.218917,"test",<invalid>
3.239148,"test",<invalid>
3.259616,"test",<invalid>
3.278809,"test",<invalid>
3.298891,"test",<invalid>
3.319067,"test",<invalid>
3.339078,"test",<invalid>
3.359214,"test",<invalid>
3.379063,"test",<invalid>
3.398965,"test",<invalid>
3.419015,"test",<invalid>
3.438853,"test",<invalid>
3.458994,"test",<invalid>
3.478833,"test",<invalid>
3.498912,"test",<invalid>
3.518825,"test",<invalid>
3.538844,"test",<invalid>
3.558981,"test",<invalid>
3.579114,"test",<invalid>
3.598836,"test",<invalid>
3.618862,"test",<invalid>
3.638938,"test",<invalid>
3.65916,"test",<invalid>
3.678983,"test",<invalid>
3.699127,"test",<invalid>
3.718946,"test",<invalid>
3.739015,"test",<invalid>
3.758901,"test",<invalid>
3.778884,"test",<invalid>
3.798947,"test",<invalid>
3.819028,"test",<invalid>
3.839684,"test",<invalid>
3.859019,"test",<invalid>
3.878853,"test",<invalid>
3.899397,"test",<invalid>
3.920231,"test",<invalid>
3.938913,"test",<invalid>
3.959796,"test",<invalid>
3.979372,"test",<invalid>
3.99894,"test",<invalid>
4.019729,"test",<invalid>
4.039296,"test",<invalid>
4.059307,"test",<invalid>
4.079213,"test",<invalid>
4.099848,"test",<invalid>
4.119522,"test",<invalid>
4.14032,"test",<invalid>
4.159447,"test",<invalid>
4.179324,"test",<invalid>
4.199026,"test",<invalid>
4.219146,"test",<invalid>
4.239506,"test",<invalid>
4.259793,"test",<invalid>
4.279196,"test",<invalid>
4.300113,"test",<invalid>
4.319528,"test",<invalid>
4.339004,"test",<invalid>
4.359392,"test",<invalid>
4.379019,"test",<invalid>
4.398813,"test",<invalid>
4.419171,"test",<invalid>
4.439314,"test",<invalid>
4.459247,"test",<invalid>
4.479316,"test",<invalid>
4.499236,"test",<invalid>
4.520162,"test",<invalid>
4.539409,"test",<invalid>
4.559377,"test",<invalid>
4.579219,"test",<invalid>
4.599268,"test",<invalid>
4.619424,"test",<invalid>
4.638943,"test",<invalid>
4.659195,"test",<invalid>
4.679043,"test",<invalid>
4.698965,"test",<invalid>
4.719415,"test",<invalid>
4.739295,"test",<invalid>
4.758949,"test",<invalid>
4.779146,"test",<invalid>
4.8001,"test",<invalid>
4.819659,"test",<invalid>
4.839481,"test",<invalid>
4.859565,"test",<invalid>
4.879094,"test",<invalid>
4.898936,"test",<invalid>
4.919172,"test",<invalid>
4.939214,"test",<invalid>
4.958905,"test",<invalid>
4.979588,"test",<invalid>
4.998813,"test",<invalid>
5.019782,"test",<invalid>
5.039374,"test",<invalid>
5.059415,"test",<invalid>
5.079468,"test",<invalid>
5.099837,"test",<invalid>
5.119369,"test",<invalid>
5.139717,"test",<invalid>
5.159488,"test",<invalid>
5.179368,"test",<invalid>
5.202577,"test",<invalid>
5.218985,"test",<invalid>
5.239303,"test",<invalid>
5.259599,"test",<invalid>
5.279787,"test",<invalid>
5.299876,"test",<invalid>
5.319648,"test",<invalid>
5.339355,"test",<invalid>
5.359019,"test",<invalid>
5.378907,"test",<invalid>
5.399211,"test",<invalid>
5.419351,"test",<invalid>
5.439563,"test",<invalid>
5.459669,"test",<invalid>
5.479356,"test",<invalid>
5.499061,"test",<invalid>
5.51894,"test",<invalid>
5.53953,"test",<invalid>
5.560414,"test",<invalid>
5.579434,"test",<invalid>
5.599549,"test",<invalid>
5.619718,"test",<invalid>
5.639297,"test",<invalid>
5.659445,"test",<invalid>
5.678912,"test",<invalid>
5.700209,"test",<invalid>
5.719887,"test",<invalid>
5.739862,"test",<invalid>
5.758801,"test",<invalid>
5.779008,"test",<invalid>
5.798909,"test",<invalid>
5.819022,"test",<invalid>
5.8389,"test",<invalid>
5.859042,"test",<invalid>
5.879047,"test",<invalid>
5.89903,"test",<invalid>
5.920262,"test",<invalid>
5.938829,"test",<invalid>
5.958881,"test",<invalid>
5.978967,"test",<invalid>
5.999056,"test",<invalid>
6.018852,"test",<invalid>
6.038782,"test",<invalid>
6.058807,"test",<invalid>
6.078807,"test",<invalid>
6.09919,"test",<invalid>
6.119666,"test",<invalid>
6.139026,"test",<invalid>
6.159594,"test",<invalid>
6.179824,"test",<invalid>
6.19895,"test",<invalid>
6.21925,"test",<invalid>
6.239271,"test",<invalid>
6.260076,"test",<invalid>
6.279364,"test",<invalid>
6.299312,"test",<invalid>
6.319764,"test",<invalid>
6.339392,"test",<invalid>
6.359484,"test",<invalid>
6.378941,"test",<invalid>
6.399491,"test",<invalid>
6.419638,"test",<invalid>
6.439548,"test",<invalid>
6.459603,"test",<invalid>
6.479472,"test",<invalid>
6.49879,"test",<invalid>
6.519419,"test",<invalid>
6.539748,"test",<invalid>
6.559017,"test",<invalid>
6.579094,"test",<invalid>
6.598933,"test",<invalid>
6.618945,"test",<invalid>
6.639039,"test",<invalid>
6.658841,"test",<invalid>
6.679572,"test",<invalid>
6.699662,"test",<invalid>
6.719479,"test",<invalid>
6.739197,"test",<invalid>
6.759341,"test",<invalid>
6.779202,"test",<invalid>
6.799156,"test",<invalid>
6.819407,"test",<invalid>
6.83982,"test",<invalid>
6.858934,"test",<invalid>
6.87938,"test",<invalid>
6.898945,"test",<invalid>
6.91938,"test",<invalid>
6.939314,"test",<invalid>
6.959427,"test",<invalid>
6.979363,"test",<invalid>
6.999023,"test",<invalid>
7.019453,"test",<invalid>
7.039104,"test",<invalid>
7.059302,"test",<invalid>
7.079052,"test",<invalid>
7.099096,"test",<invalid>
7.119482,"test",<invalid>
7.139102,"test",<invalid>
7.159449,"test",<invalid>
7.179964,"test",<invalid>
7.200002,"test",<invalid>
7.219274,"test",<invalid>
7.239136,"test",<invalid>
7.259114,"test",<invalid>
7.279844,"test",<invalid>
7.299052,"test",<invalid>
7.320023,"test",<invalid>
7.339451,"test",<invalid>
7.359093,"test",<invalid>
7.379605,"test",<invalid>
7.399708,"test",<invalid>
7.41925,"test",<invalid>
7.439241,"test",<invalid>
7.459032,"test",<invalid>
7.480075,"test",<invalid>
7.498768,"test",<invalid>
7.519562,"test",<invalid>
7.539393,"test",<invalid>
7.559763,"test",<invalid>
7.580684,"test",<invalid>
7.599312,"test",<invalid>
7.619512,"test",<invalid>
7.640009,"test",<invalid>
7.658862,"test",<invalid>
7.678893,"test",<invalid>
7.699563,"test",<invalid>
7.720761,"test",<invalid>
7.73972,"test",<invalid>
7.759674,"test",<invalid>
7.779817,"test",<invalid>
7.79959,"test",<invalid>
7.818861,"test",<invalid>
7.83887,"test",<invalid>
7.860098,"test",<invalid>
7.879627,"test",<invalid>
7.898956,"test",<invalid>
7.918871,"test",<invalid>
7.938951,"test",<invalid>
7.958867,"test",<invalid>
7.978837,"test",<invalid>
7.998789,"test",<invalid>
8.019003,"test",<invalid>
8.038886,"test",<invalid>
8.059064,"test",<invalid>
8.079162,"test",<invalid>
8.099151,"test",<invalid>
8.119452,"test",<invalid>
8.139527,"test",<invalid>
8.159448,"test",<invalid>
8.178822,"test",<invalid>
8.198916,"test",<invalid>
8.21936,"test",<invalid>
8.238993,"test",<invalid>
8.258745,"test",<invalid>
8.278769,"test",<invalid>
8.298804,"test",<invalid>
8.318837,"test",<invalid>
8.33933,"test",<invalid>
8.358834,"test",<invalid>
8.378824,"test",<invalid>
8.401048,"test",<invalid>
8.419101,"test",<invalid>
8.440485,"test",<invalid>
8.458847,"test",<invalid>
8.47878,"test",<invalid>
8.498887,"test",<invalid>
8.5188,"test",<invalid>
8.538837,"test",<invalid>
8.558728,"test",<invalid>
8.578807,"test",<invalid>
8.598929,"test",<invalid>
8.618894,"test",<invalid>
8.638905,"test",<invalid>
8.658716,"test",<invalid>
8.678859,"test",<invalid>
8.69873,"test",<invalid>
8.71924,"test",<invalid>
8.738821,"test",<invalid>
8.758936,"test",<invalid>
8.780163,"test",<invalid>
8.798856,"test",<invalid>
8.819398,"test",<invalid>
8.839183,"test",<invalid>
8.858841,"test",<invalid>
8.878745,"test",<invalid>
8.898924,"test",<invalid>
8.919483,"test",<invalid>
8.939063,"test",<invalid>
8.958787,"test",<invalid>
8.979028,"test",<invalid>
8.998817,"test",<invalid>
9.018859,"test",<invalid>
9.039398,"test",<invalid>
9.059472,"test",<invalid>
9.078815,"test",<invalid>
9.098977,"test",<invalid>
9.119458,"test",<invalid>
9.139297,"test",<invalid>
9.158804,"test",<invalid>
9.178922,"test",<invalid>
9.19902,"test",<invalid>
9.219423,"test",<invalid>
9.238825,"test",<invalid>
9.258813,"test",<invalid>
9.278947,"test",<invalid>
9.298839,"test",<invalid>
9.318816,"test",<invalid>
9.339265,"test",<invalid>
9.358882,"test",<invalid>
9.378837,"test",<invalid>
9.399057,"test",<invalid>
9.419247,"test",<invalid>
9.439125,"test",<invalid>
9.458852,"test",<invalid>
9.478776,"test",<invalid>
9.49896,"test",<invalid>
9.519437,"test",<invalid>
9.539461,"test",<invalid>
9.5596,"test",<invalid>
9.580112,"test",<invalid>
9.599012,"test",<invalid>
9.619505,"test",<invalid>
9.639482,"test",<invalid>
9.65906,"test",<invalid>
9.679198,"test",<invalid>
9.698792,"test",<invalid>
9.719632,"test",<invalid>
9.739432,"test",<invalid>
9.759212,"test",<invalid>
9.779277,"test",<invalid>
9.798782,"test",<invalid>
9.818972,"test",<invalid>
9.839611,"test",<invalid>
9.859163,"test",<invalid>
9.878738,"test",<invalid>
9.899033,"test",<invalid>
9.919795,"test",<invalid>
9.938901,"test",<invalid>
9.959975,"test",<invalid>
9.979601,"test",<invalid>
9.999116,"test",<invalid>
10.019272,"test",<invalid>
10.039373,"test",<invalid>
10.059575,"test",<invalid>
10.07898,"test",<invalid>
10.098883,"test",<invalid>
10.119044,"test",<invalid>
10.139202,"test",<invalid>
10.158824,"test",<invalid>
10.17889,"test",<invalid>
10.198853,"test",<invalid>
10.219177,"test",<invalid>
10.239529,"test",<invalid>
10.258995,"test",<invalid>
10.278799,"test",<invalid>
10.298765,"test",<invalid>
10.319117,"test",<invalid>
10.338753,"test",<invalid>
10.359174,"test",<invalid>
10.379247,"test",<invalid>
10.399126,"test",<invalid>
10.419454,"test",<invalid>
10.439851,"test",<invalid>
10.460031,"test",<invalid>
10.47926,"test",<invalid>
10.499154,"test",<invalid>
10.519661,"test",<invalid>
10.539998,"test",<invalid>
10.558944,"test",<invalid>
10.578868,"test",<invalid>
10.598956,"test",<invalid>
10.619183,"test",<invalid>
10.639092,"test",<invalid>
10.659492,"test",<invalid>
10.679094,"test",<invalid>
10.698875,"test",<invalid>
10.719647,"test",<invalid>
10.739658,"test",<invalid>
10.759601,"test",<invalid>
10.779119,"test",<invalid>
10.798787,"test",<invalid>
10.819592,"test",<invalid>
10.839048,"test",<invalid>
10.858957,"test",<invalid>
10.879602,"test",<invalid>
10.903291,"test",<invalid>
10.920886,"test",<invalid>
10.938976,"test",<invalid>
10.962367,"test",<invalid>
10.979141,"test",<invalid>
10.999244,"test",<invalid>
11.018955,"test",<invalid>
11.038754,"test",<invalid>
11.058893,"test",<invalid>
11.079432,"test",<invalid>
11.098932,"test",<invalid>
11.119731,"test",<invalid>
11.139081,"test",<invalid>
11.158892,"test",<invalid>
11.179146,"test",<invalid>
11.199292,"test",<invalid>
11.219091,"test",<invalid>
11.239316,"test",<invalid>
11.259213,"test",<invalid>
11.279117,"test",<invalid>
11.299078,"test",<invalid>
11.31958,"test",<invalid>
11.339191,"test",<invalid>
11.358887,"test",<invalid>
11.379195,"test",<invalid>
11.399151,"test",<invalid>
11.419394,"test",<invalid>
11.438726,"test",<invalid>
11.459058,"test",<invalid>
11.479512,"test",<invalid>
11.498632,"test",<invalid>
11.519399,"test",<invalid>
11.538943,"test",<invalid>
11.559191,"test",<invalid>
11.578938,"test",<invalid>
11.599388,"test",<invalid>
11.618596,"test",<invalid>
11.640192,"test",<invalid>
11.659203,"test",<invalid>
11.67919,"test",<invalid>
11.698644,"test",<invalid>
11.719442,"test",<invalid>
11.738868,"test",<invalid>
11.758845,"test",<invalid>
11.778701,"test",<invalid>
11.799835,"test",<invalid>
11.818771,"test",<invalid>
11.838781,"test",<invalid>
11.858798,"test",<invalid>
11.879063,"test",<invalid>
11.898739,"test",<invalid>
11.918805,"test",<invalid>
11.939227,"test",<invalid>
11.95899,"test",<invalid>
11.978894,"test",<invalid>
11.998747,"test",<invalid>
12.019192,"test",<invalid>
12.039278,"test",<invalid>
12.058833,"test",<invalid>
12.079107,"test",<invalid>
12.098902,"test",<invalid>
12.119001,"test",<invalid>
12.138953,"test",<invalid>
12.158691,"test",<invalid>
12.178941,"test",<invalid>
12.198865,"test",<invalid>
12.219057,"test",<invalid>
12.238865,"test",<invalid>
12.258862,"test",<invalid>
12.279331,"test",<invalid>
12.299613,"test",<invalid>
12.31928,"test",<invalid>
12.338615,"test",<invalid>
12.358759,"test",<invalid>
12.378945,"test",<invalid>
12.3993,"test",<invalid>
12.41872,"test",<invalid>
12.438609,"test",<invalid>
12.459194,"test",<invalid>
12.478629,"test",<invalid>
12.498841,"test",<invalid>
12.518722,"test",<invalid>
12.539401,"test",<invalid>
12.559209,"test",<invalid>
12.579064,"test",<invalid>
12.598751,"test",<invalid>
12.619095,"test",<invalid>
12.639496,"test",<invalid>
12.658852,"test",<invalid>
12.678931,"test",<invalid>
12.699099,"test",<invalid>
12.71887,"test",<invalid>
12.739446,"test",<invalid>
12.758856,"test",<invalid>
12.779653,"test",<invalid>
12.799235,"test",<invalid>
12.819311,"test",<invalid>
12.839206,"test",<invalid>
12.859643,"test",<invalid>
12.878929,"test",<invalid>
12.899218,"test",<invalid>
12.918947,"test",<invalid>
12.938833,"test",<invalid>
12.960114,"test",<invalid>
12.979281,"test",<invalid>
12.999074,"test",<invalid>
13.019762,"test",<invalid>
13.039412,"test",<invalid>
13.059434,"test",<invalid>
13.079203,"test",<invalid>
13.099446,"test",<invalid>
13.119821,"test",<invalid>
13.139118,"test",<invalid>
13.158844,"test",<invalid>
13.179132,"test",<invalid>
13.198967,"test",<invalid>
13.219386,"test",<invalid>
13.239198,"test",<invalid>
13.258661,"test",<invalid>
13.27868,"test",<invalid>
13.298894,"test",<invalid>
13.318741,"test",<invalid>
13.339169,"test",<invalid>
13.358881,"test",<invalid>
13.379515,"test",<invalid>
13.398753,"test",<invalid>
13.420077,"test",<invalid>
13.439036,"test",<invalid>
13.459249,"test",<invalid>
13.479269,"test",<invalid>
13.499195,"test",<invalid>
13.519047,"test",<invalid>
13.539017,"test",<invalid>
13.558777,"test",<invalid>
13.57911,"test",<invalid>
13.599485,"test",<invalid>
13.619051,"test",<invalid>
13.639604,"test",<invalid>
13.659249,"test",<invalid>
13.679416,"test",<invalid>
13.698873,"test",<invalid>
13.718753,"test",<invalid>
13.739818,"test",<invalid>
13.75861,"test",<invalid>
13.778912,"test",<invalid>
13.798794,"test",<invalid>
13.818727,"test",<invalid>
13.838629,"test",<invalid>
13.858609,"test",<invalid>
13.878814,"test",<invalid>
13.8987,"test",<invalid>
13.918999,"test",<invalid>
13.939161,"test",<invalid>
13.958739,"test",<invalid>
13.978909,"test",<invalid>
13.99881,"test",<invalid>
14.018684,"test",<invalid>
14.038734,"test",<invalid>
14.058938,"test",<invalid>
14.079494,"test",<invalid>
14.09861,"test",<invalid>
14.118867,"test",<invalid>
14.138659,"test",<invalid>
14.158604,"test",<invalid>
14.178861,"test",<invalid>
14.199896,"test",<invalid>
14.219249,"test",<invalid>
14.238731,"test",<invalid>
14.259302,"test",<invalid>
14.278769,"test",<invalid>
14.299201,"test",<invalid>
14.319124,"test",<invalid>
14.339423,"test",<invalid>
14.358802,"test",<invalid>
14.378687,"test",<invalid>
14.399146,"test",<invalid>
14.418623,"test",<invalid>
14.438749,"test",<invalid>
14.458917,"test",<invalid>
14.47886,"test",<invalid>
14.499123,"test",<invalid>
14.518722,"test",<invalid>
14.539017,"test",<invalid>
14.558766,"test",<invalid>
14.57871,"test",<invalid>
14.598639,"test",<invalid>
14.618672,"test",<invalid>
14.638729,"test",<invalid>
14.659626,"test",<invalid>
14.67923,"test",<invalid>
14.698763,"test",<invalid>
14.7187,"test",<invalid>
14.739531,"test",<invalid>
14.759053,"test",<invalid>
14.778885,"test",<invalid>
14.798657,"test",<invalid>
14.818714,"test",<invalid>
14.838619,"test",<invalid>
14.858872,"test",<invalid>
14.878879,"test",<invalid>
14.898692,"test",<invalid>
14.918747,"test",<invalid>
14.939263,"test",<invalid>
14.959005,"test",<invalid>
14.97915,"test",<invalid>
14.999248,"test",<invalid>
15.01995,"test",<invalid>
15.038899,"test",<invalid>
15.059388,"test",<invalid>
15.079288,"test",<invalid>
15.09892,"test",<invalid>
15.119123,"test",<invalid>
15.13893,"test",<invalid>
15.159254,"test",<invalid>
15.179191,"test",<invalid>
15.199224,"test",<invalid>
15.220285,"test",<invalid>
15.239313,"test",<invalid>
15.259215,"test",<invalid>
15.279336,"test",<invalid>
15.298985,"test",<invalid>
15.31909,"test",<invalid>
15.339095,"test",<invalid>
15.358803,"test",<invalid>
15.379056,"test",<invalid>
15.39901,"test",<invalid>
15.41918,"test",<invalid>
15.439277,"test",<invalid>
15.459149,"test",<invalid>
15.478909,"test",<invalid>
15.499145,"test",<invalid>
15.519236,"test",<invalid>
15.539512,"test",<invalid>
15.558844,"test",<invalid>
15.578618,"test",<invalid>
15.598741,"test",<invalid>
15.61865,"test",<invalid>
15.638741,"test",<invalid>
15.658603,"test",<invalid>
15.679702,"test",<invalid>
15.699905,"test",<invalid>
15.720511,"test",<invalid>
15.739351,"test",<invalid>
15.759547,"test",<invalid>
15.779244,"test",<invalid>
15.798772,"test",<invalid>
15.818633,"test",<invalid>
15.839358,"test",<invalid>
15.85992,"test",<invalid>
15.883175,"test",<invalid>
15.89972,"test",<invalid>
15.920794,"test",<invalid>
15.939935,"test",<invalid>
15.959375,"test",<invalid>
15.978874,"test",<invalid>
15.998936,"test",<invalid>
16.019406,"test",<invalid>
16.038596,"test",<invalid>
16.05859,"test",<invalid>
16.07954,"test",<invalid>
16.098648,"test",<invalid>
16.11867,"test",<invalid>
16.138739,"test",<invalid>
16.158983,"test",<invalid>
16.179041,"test",<invalid>
16.198948,"test",<invalid>
16.218759,"test",<invalid>
16.238905,"test",<invalid>
16.259026,"test",<invalid>
16.280187,"test",<invalid>
16.298611,"test",<invalid>
16.318583,"test",<invalid>
16.339003,"test",<invalid>
16.360034,"test",<invalid>
16.379117,"test",<invalid>
16.398911,"test",<invalid>
16.419444,"test",<invalid>
16.439557,"test",<invalid>
16.458706,"test",<invalid>
16.478662,"test",<invalid>
16.498759,"test",<invalid>
16.519661,"test",<invalid>
16.539205,"test",<invalid>
16.55922,"test",<invalid>
16.579781,"test",<invalid>
16.600424,"test",<invalid>
16.619038,"test",<invalid>
16.638588,"test",<invalid>
16.659837,"test",<invalid>
16.679377,"test",<invalid>
16.698907,"test",<invalid>
16.718936,"test",<invalid>
16.738652,"test",<invalid>
16.758689,"test",<invalid>
16.780835,"test",<invalid>
16.79918,"test",<invalid>
16.818668,"test",<invalid>
16.838648,"test",<invalid>
16.85963,"test",<invalid>
16.878646,"test",<invalid>
16.898926,"test",<invalid>
16.91966,"test",<invalid>
16.938795,"test",<invalid>
16.958903,"test",<invalid>
16.98025,"test",<invalid>
16.998704,"test",<invalid>
17.019327,"test",<invalid>
17.039349,"test",<invalid>
17.058991,"test",<invalid>
17.078898,"test",<invalid>
17.098848,"test",<invalid>
17.11872,"test",<invalid>
17.139049,"test",<invalid>
17.158735,"test",<invalid>
17.178732,"test",<invalid>
17.199292,"test",<invalid>
17.219433,"test",<invalid>
17.238886,"test",<invalid>
17.259161,"test",<invalid>
17.278923,"test",<invalid>
17.298706,"test",<invalid>
17.319076,"test",<invalid>
17.339225,"test",<invalid>
17.358599,"test",<invalid>
17.379104,"test",<invalid>
17.398666,"test",<invalid>
17.418924,"test",<invalid>
17.438701,"test",<invalid>
17.459311,"test",<invalid>
17.479179,"test",<invalid>
17.498927,"test",<invalid>
17.519294,"test",<invalid>
17.538738,"test",<invalid>
17.558726,"test",<invalid>
17.578765,"test",<invalid>
17.599245,"test",<invalid>
17.618741,"test",<invalid>
17.639358,"test",<invalid>
17.659349,"test",<invalid>
17.679175,"test",<invalid>
17.699504,"test",<invalid>
17.718681,"test",<invalid>
17.738801,"test",<invalid>
17.75949,"test",<invalid>
17.77875,"test",<invalid>
17.798798,"test",<invalid>
17.818811,"test",<invalid>
17.838607,"test",<invalid>
17.858723,"test",<invalid>
17.878868,"test",<invalid>
17.898849,"test",<invalid>
17.919137,"test",<invalid>
17.938653,"test",<invalid>
17.959037,"test",<invalid>
17.978927,"test",<invalid>
17.998829,"test",<invalid>
18.019349,"test",<invalid>
18.038813,"test",<invalid>
18.05888,"test",<invalid>
18.079277,"test",<invalid>
18.098803,"test",<invalid>
18.118643,"test",<invalid>
18.138645,"test",<invalid>
18.158917,"test",<invalid>
18.178665,"test",<invalid>
18.198654,"test",<invalid>
18.218614,"test",<invalid>
18.239209,"test",<invalid>
18.258979,"test",<invalid>
18.278584,"test",<invalid>
18.298631,"test",<invalid>
18.319623,"test",<invalid>
18.339172,"test",<invalid>
18.359937,"test",<invalid>
18.379189,"test",<invalid>
18.39965,"test",<invalid>
18.418665,"test",<invalid>
18.439775,"test",<invalid>
18.458803,"test",<invalid>
18.478636,"test",<invalid>
18.499582,"test",<invalid>
18.518619,"test",<invalid>
18.538595,"test",<invalid>
18.559013,"test",<invalid>
18.579127,"test",<invalid>
18.599043,"test",<invalid>
18.619675,"test",<invalid>
18.638839,"test",<invalid>
18.659023,"test",<invalid>
18.678799,"test",<invalid>
18.69864,"test",<invalid>
18.718979,"test",<invalid>
18.739078,"test",<invalid>
18.759203,"test",<invalid>
18.779366,"test",<invalid>
18.798775,"test",<invalid>
18.818709,"test",<invalid>
18.838581,"test",<invalid>
18.858818,"test",<invalid>
18.879174,"test",<invalid>
18.898939,"test",<invalid>
18.918591,"test",<invalid>
18.942044,"test",<invalid>
18.959418,"test",<invalid>
18.97933,"test",<invalid>
18.998895,"test",<invalid>
19.019635,"test",<invalid>
19.039059,"test",<invalid>
19.058892,"test",<invalid>
19.079512,"test",<invalid>
19.099304,"test",<invalid>
19.118688,"test",<invalid>
19.139135,"test",<invalid>
19.158703,"test",<invalid>
19.178688,"test",<invalid>
19.198866,"test",<invalid>
19.219696,"test",<invalid>
19.239173,"test",<invalid>
19.258628,"test",<invalid>
19.279107,"test",<invalid>
19.298611,"test",<invalid>
19.318636,"test",<invalid>
19.338625,"test",<invalid>
19.358614,"test",<invalid>
19.378649,"test",<invalid>
19.398586,"test",<invalid>
19.418583,"test",<invalid>
19.439097,"test",<invalid>
19.458586,"test",<invalid>
19.47861,"test",<invalid>
19.498586,"test",<invalid>
19.519432,"test",<invalid>
19.539673,"test",<invalid>
19.559001,"test",<invalid>
19.579136,"test",<invalid>
19.599205,"test",<invalid>
19.619318,"test",<invalid>
19.638765,"test",<invalid>
19.659091,"test",<invalid>
19.679096,"test",<invalid>
19.698822,"test",<invalid>
19.719335,"test",<invalid>
19.739002,"test",<invalid>
19.759719,"test",<invalid>
19.778723,"test",<invalid>
19.798792,"test",<invalid>
19.818628,"test",<invalid>
19.838624,"test",<invalid>
19.859711,"test",<invalid>
19.879263,"test",<invalid>
19.898645,"test",<invalid>
19.919658,"test",<invalid>
19.93865,"test",<invalid>
19.959282,"test",<invalid>
19.978945,"test",<invalid>
19.999318,"test",<invalid>
20.018582,"test",<invalid>
20.038753,"test",<invalid>
20.059333,"test",<invalid>
20.07927,"test",<invalid>
20.098801,"test",<invalid>
20.118772,"test",<invalid>
20.138783,"test",<invalid>
20.159085,"test",<invalid>
20.178639,"test",<invalid>
20.198594,"test",<invalid>
20.218693,"test",<invalid>
20.238626,"test",<invalid>
20.258974,"test",<invalid>
20.278672,"test",<invalid>
20.298775,"test",<invalid>
20.318862,"test",<invalid>
20.338627,"test",<invalid>
20.359617,"test",<invalid>
20.379765,"test",<invalid>
20.39858,"test",<invalid>
20.418859,"test",<invalid>
20.438694,"test",<invalid>
20.458564,"test",<invalid>
20.47927,"test",<invalid>
20.498586,"test",<invalid>
20.519122,"test",<invalid>
20.538556,"test",<invalid>
20.558845,"test",<invalid>
20.579108,"test",<invalid>
20.599095,"test",<invalid>
20.618887,"test",<invalid>
20.639112,"test",<invalid>
20.658681,"test",<invalid>
20.679405,"test",<invalid>
20.699261,"test",<invalid>
20.718845,"test",<invalid>
20.739498,"test",<invalid>
20.75915,"test",<invalid>
20.778831,"test",<invalid>
20.79872,"test",<invalid>
20.818632,"test",<invalid>
20.838656,"test",<invalid>
20.858918,"test",<invalid>
20.879319,"test",<invalid>
20.899511,"test",<invalid>
20.919352,"test",<invalid>
20.939078,"test",<invalid>
20.95887,"test",<invalid>
20.978785,"test",<invalid>
20.999107,"test",<invalid>
21.018774,"test",<invalid>
21.038866,"test",<invalid>
21.058738,"test",<invalid>
21.078805,"test",<invalid>
21.098594,"test",<invalid>
21.119711,"test",<invalid>
21.139813,"test",<invalid>
21.159346,"test",<invalid>
21.179941,"test",<invalid>
21.199116,"test",<invalid>
21.220003,"test",<invalid>
21.239234,"test",<invalid>
21.258606,"test",<invalid>
21.278801,"test",<invalid>
21.299129,"test",<invalid>
21.318759,"test",<invalid>
21.339362,"test",<invalid>
21.358653,"test",<invalid>
21.378623,"test",<invalid>
21.398572,"test",<invalid>
21.418624,"test",<invalid>
21.438873,"test",<invalid>
21.459034,"test",<invalid>
21.478618,"test",<invalid>
21.498768,"test",<invalid>
21.518701,"test",<invalid>
21.538733,"test",<invalid>
21.558763,"test",<invalid>
21.579479,"test",<invalid>
21.598947,"test",<invalid>
21.618718,"test",<invalid>
21.638884,"test",<invalid>
21.659168,"test",<invalid>
21.678787,"test",<invalid>
21.698662,"test",<invalid>
21.718652,"test",<invalid>
21.738606,"test",<invalid>
21.759096,"test",<invalid>
21.779527,"test",<invalid>
21.7987,"test",<invalid>
21.818606,"test",<invalid>
21.838759,"test",<invalid>
21.85861,"test",<invalid>
21.878595,"test",<invalid>
21.898661,"test",<invalid>
21.918614,"test",<invalid>
21.938617,"test",<invalid>
21.95865,"test",<invalid>
21.978645,"test",<invalid>
21.998923,"test",<invalid>
22.018632,"test",<invalid>
22.038594,"test",<invalid>
22.058626,"test",<invalid>
22.078577,"test",<invalid>
22.098708,"test",<invalid>
22.118624,"test",<invalid>
22.138615,"test",<invalid>
22.158839,"test",<invalid>
22.178574,"test",<invalid>
22.198578,"test",<invalid>
22.218769,"test",<invalid>
22.238592,"test",<invalid>
22.258597,"test",<invalid>
22.278962,"test",<invalid>
22.299452,"test",<invalid>
22.318627,"test",<invalid>
22.338641,"test",<invalid>
22.358803,"test",<invalid>
22.378696,"test",<invalid>
22.398847,"test",<invalid>
22.418684,"test",<invalid>
22.438588,"test",<invalid>
22.458641,"test",<invalid>
22.479624,"test",<invalid>
22.498814,"test",<invalid>
22.518801,"test",<invalid>
22.538745,"test",<invalid>
22.55879,"test",<invalid>
22.578977,"test",<invalid>
22.598833,"test",<invalid>
22.618655,"test",<invalid>
22.638588,"test",<invalid>
22.658662,"test",<invalid>
22.678626,"test",<invalid>
22.699131,"test",<invalid>
22.718846,"test",<invalid>
22.738705,"test",<invalid>
22.759379,"test",<invalid>
22.778846,"test",<invalid>
22.798771,"test",<invalid>
22.818624,"test",<invalid>
22.83888,"test",<invalid>
22.859251,"test",<invalid>
22.878678,"test",<invalid>
22.899643,"test",<invalid>
22.918784,"test",<invalid>
22.93869,"test",<invalid>
22.958708,"test",<invalid>
22.979151,"test",<invalid>
22.999085,"test",<invalid>
23.019877,"test",<invalid>
23.038759,"test",<invalid>
23.058827,"test",<invalid>
23.078699,"test",<invalid>
23.099034,"test",<invalid>
23.118856,"test",<invalid>
23.138814,"test",<invalid>
23.15864,"test",<invalid>
23.178624,"test",<invalid>
23.198618,"test",<invalid>
23.218699,"test",<invalid>
23.239175,"test",<invalid>
23.258834,"test",<invalid>
23.279098,"test",<invalid>
23.299043,"test",<invalid>
23.31902,"test",<invalid>
23.339169,"test",<invalid>
23.358965,"test",<invalid>
23.37913,"test",<invalid>
23.39915,"test",<invalid>
23.419164,"test",<invalid>
23.438584,"test",<invalid>
23.458625,"test",<invalid>
23.478971,"test",<invalid>
23.498636,"test",<invalid>
23.518981,"test",<invalid>
23.538615,"test",<invalid>
23.559062,"test",<invalid>
23.579205,"test",<invalid>
23.598609,"test",<invalid>
23.619089,"test",<invalid>
23.638702,"test",<invalid>
23.658721,"test",<invalid>
23.678586,"test",<invalid>
23.698854,"test",<invalid>
23.719829,"test",<invalid>
23.738573,"test",<invalid>
23.758749,"test",<invalid>
23.778843,"test",<invalid>
23.798907,"test",<invalid>
23.819177,"test",<invalid>
23.83909,"test",<invalid>
23.858833,"test",<invalid>
23.878659,"test",<invalid>
23.899236,"test",<invalid>
23.918616,"test",<invalid>
23.938607,"test",<invalid>
23.958607,"test",<invalid>
23.978894,"test",<invalid>
23.999526,"test",<invalid>
24.018683,"test",<invalid>
24.038668,"test",<invalid>
24.058924,"test",<invalid>
24.078797,"test",<invalid>
24.098773,"test",<invalid>
24.119358,"test",<invalid>
24.138907,"test",<invalid>
24.159043,"test",<invalid>
24.178834,"test",<invalid>
24.199082,"test",<invalid>
24.218872,"test",<invalid>
24.239068,"test",<invalid>
24.258652,"test",<invalid>
24.279147,"test",<invalid>
24.299133,"test",<invalid>
24.318882,"test",<invalid>
24.339046,"test",<invalid>
24.358989,"test",<invalid>
24.37927,"test",<invalid>
24.399121,"test",<invalid>
24.418558,"test",<invalid>
24.438944,"test",<invalid>
24.460092,"test",<invalid>
24.479101,"test",<invalid>
24.498588,"test",<invalid>
24.518827,"test",<invalid>
24.538937,"test",<invalid>
24.559508,"test",<invalid>
24.578798,"test",<invalid>
24.598896,"test",<invalid>
24.618708,"test",<invalid>
24.640973,"test",<invalid>
24.6588,"test",<invalid>
24.678597,"test",<invalid>
24.699349,"test",<invalid>
24.71861,"test",<invalid>
24.738604,"test",<invalid>
24.758885,"test",<invalid>
24.778846,"test",<invalid>
24.801619,"test",<invalid>
24.81875,"test",<invalid>
24.838933,"test",<invalid>
24.858766,"test",<invalid>
24.878658,"test",<invalid>
24.898695,"test",<invalid>
24.918626,"test",<invalid>
24.938878,"test",<invalid>
24.958749,"test",<invalid>
24.978897,"test",<invalid>
24.998879,"test",<invalid>
25.019819,"test",<invalid>
25.039062,"test",<invalid>
25.058789,"test",<invalid>
25.07868,"test",<invalid>
25.098619,"test",<invalid>
25.119611,"test",<invalid>
25.139344,"test",<invalid>
25.158652,"test",<invalid>
25.178694,"test",<invalid>
25.198724,"test",<invalid>
25.218725,"test",<invalid>
25.238915,"test",<invalid>
25.258593,"test",<invalid>
25.278733,"test",<invalid>
25.29904,"test",<invalid>
25.319231,"test",<invalid>
25.33896,"test",<invalid>
25.358673,"test",<invalid>
25.378796,"test",<invalid>
25.398604,"test",<invalid>
25.418679,"test",<invalid>
25.439429,"test",<invalid>
25.458864,"test",<invalid>
25.47886,"test",<invalid>
25.498619,"test",<invalid>
25.518741,"test",<invalid>
25.539004,"test",<invalid>
25.558586,"test",<invalid>
25.578789,"test",<invalid>
25.599204,"test",<invalid>
25.619036,"test",<invalid>
25.63919,"test",<invalid>
25.65974,"test",<invalid>
25.679371,"test",<invalid>
25.698668,"test",<invalid>
25.718626,"test",<invalid>
25.738839,"test",<invalid>
25.758607,"test",<invalid>
25.778844,"test",<invalid>
25.798586,"test",<invalid>
25.819557,"test",<invalid>
25.8387,"test",<invalid>
25.858804,"test",<invalid>
25.878844,"test",<invalid>
25.899036,"test",<invalid>
25.919595,"test",<invalid>
25.938643,"test",<invalid>
25.958919,"test",<invalid>
25.978847,"test",<invalid>
25.998855,"test",<invalid>
26.018946,"test",<invalid>
26.038876,"test",<invalid>
26.058914,"test",<invalid>
26.078675,"test",<invalid>
26.098951,"test",<invalid>
26.118653,"test",<invalid>
26.139651,"test",<invalid>
26.158646,"test",<invalid>
26.178614,"test",<invalid>
26.198573,"test",<invalid>
26.218653,"test",<invalid>
26.23859,"test",<invalid>
26.258643,"test",<invalid>
26.278635,"test",<invalid>
26.299526,"test",<invalid>
26.318617,"test",<invalid>
26.338597,"test",<invalid>
26.359268,"test",<invalid>
26.378592,"test",<invalid>
26.398583,"test",<invalid>
26.418959,"test",<invalid>
26.438636,"test",<invalid>
26.458584,"test",<invalid>
26.478594,"test",<invalid>
26.498836,"test",<invalid>
26.51906,"test",<invalid>
26.53868,"test",<invalid>
26.558594,"test",<invalid>
26.578613,"test",<invalid>
26.598625,"test",<invalid>
26.619129,"test",<invalid>
26.638577,"test",<invalid>
26.658593,"test",<invalid>
26.678892,"test",<invalid>
26.698712,"test",<invalid>
26.718634,"test",<invalid>
26.738664,"test",<invalid>
26.759232,"test",<invalid>
